{
  "n_subjects": 4543,
  "bone_lengths_mm": {
    "hand_length": {
      "mean": 175.11502075195312,
      "std": 10.128602981567383
    },
    "palm_length": {
      "mean": 100.5508041381836,
      "std": 6.65010929107666
    },
    "thumb_length": {
      "mean": 48.754676818847656,
      "std": 4.3393683433532715
    },
    "index_length": {
      "mean": 67.19517517089844,
      "std": 5.507611274719238
    },
    "middle_length": {
      "mean": 74.60955810546875,
      "std": 5.992286682128906
    },
    "ring_length": {
      "mean": 68.65331268310547,
      "std": 5.483371734619141
    },
    "pinky_length": {
      "mean": 52.51787567138672,
      "std": 5.097747325897217
    }
  },
  "ratios": {
    "thumb_middle": {
      "mean": 0.6546224355697632,
      "std": 0.046599190682172775
    },
    "index_middle": {
      "mean": 0.901081383228302,
      "std": 0.03230931982398033
    },
    "ring_middle": {
      "mean": 0.9207006692886353,
      "std": 0.030584024265408516
    },
    "pinky_middle": {
      "mean": 0.7043657302856445,
      "std": 0.04665042832493782
    },
    "palm_hand": {
      "mean": 0.574310839176178,
      "std": 0.021646052598953247
    }
  },
  "phalanx_ratios": {
    "finger": [
      0.5,
      0.3,
      0.2
    ],
    "thumb": [
      0.5,
      0.5
    ]
  }
}