{
    "wrist": {
        "vertex_index": 7195,
        "position_mm": [
            11.834268801519102,
            7.792838753957382,
            1.5598927998196175
        ],
        "distance_mm": 12.5823
    },
    "index1": {
        "vertex_index": 2912,
        "position_mm": [
            -28.067904098944673,
            -11.839881744002247,
            13.197545465634743
        ],
        "distance_mm": 1.9836
    },
    "index2": {
        "vertex_index": 1299,
        "position_mm": [
            -40.01362304632135,
            -21.270140382153365,
            12.984150498890145
        ],
        "distance_mm": 2.0529
    },
    "index3": {
        "vertex_index": 1025,
        "position_mm": [
            -42.257349970574836,
            -31.06956940794715,
            10.630813739787024
        ],
        "distance_mm": 0.6389
    },
    "middle1": {
        "vertex_index": 1745,
        "position_mm": [
            -33.268842587163746,
            -10.441192997559194,
            -0.6681368087311805
        ],
        "distance_mm": 10.1284
    },
    "middle2": {
        "vertex_index": 817,
        "position_mm": [
            -42.18615105213957,
            -20.97386996027149,
            -4.305644971434158
        ],
        "distance_mm": 1.7622
    },
    "middle3": {
        "vertex_index": 866,
        "position_mm": [
            -42.253920124440675,
            -31.413020295261024,
            -5.644539849322897
        ],
        "distance_mm": 0.8139
    },
    "pinky1": {
        "vertex_index": 3854,
        "position_mm": [
            -17.670568874751936,
            -10.343234649573438,
            -16.451628529945893
        ],
        "distance_mm": 0.516
    },
    "pinky2": {
        "vertex_index": 3538,
        "position_mm": [
            -20.962269156851562,
            -18.668366344353252,
            -17.07855746951898
        ],
        "distance_mm": 1.1292
    },
    "pinky3": {
        "vertex_index": 3289,
        "position_mm": [
            -20.913267928355967,
            -26.773859629622933,
            -18.301847873347107
        ],
        "distance_mm": 1.2683
    },
    "ring1": {
        "vertex_index": 3078,
        "position_mm": [
            -26.297110208644764,
            -8.895710683850249,
            -12.824259008452758
        ],
        "distance_mm": 0.8959
    },
    "ring2": {
        "vertex_index": 2016,
        "position_mm": [
            -33.3900876435669,
            -19.23479914049956,
            -12.097244695424402
        ],
        "distance_mm": 0.9756
    },
    "ring3": {
        "vertex_index": 1715,
        "position_mm": [
            -32.90890645114226,
            -30.15643943654522,
            -13.064844943099283
        ],
        "distance_mm": 0.8382
    },
    "thumb1": {
        "vertex_index": 6202,
        "position_mm": [
            2.676830441833067,
            -6.87874832107023,
            13.271468995440168
        ],
        "distance_mm": 0.8639
    },
    "thumb2": {
        "vertex_index": 5065,
        "position_mm": [
            -6.329472735487017,
            -16.144494758682942,
            13.440660428371162
        ],
        "distance_mm": 1.139
    },
    "thumb3": {
        "vertex_index": 3923,
        "position_mm": [
            -15.327015568915014,
            -26.523728248061474,
            14.0190907498231
        ],
        "distance_mm": 0.7574
    },
    "thumb_tip": {
        "vertex_index": 2809,
        "position_mm": [
            -25.59558496,
            -40.17990715,
            14.71463498
        ],
        "distance_mm": 0.0
    },
    "index_tip": {
        "vertex_index": 1199,
        "position_mm": [
            -40.3697465,
            -44.17968321,
            8.00404789
        ],
        "distance_mm": 0.0
    },
    "middle_tip": {
        "vertex_index": 996,
        "position_mm": [
            -39.71360961,
            -43.92124945,
            -7.57467539
        ],
        "distance_mm": 0.0
    },
    "ring_tip": {
        "vertex_index": 1755,
        "position_mm": [
            -31.37555356,
            -41.00409923,
            -14.82900924
        ],
        "distance_mm": 0.0
    },
    "pinky_tip": {
        "vertex_index": 3234,
        "position_mm": [
            -21.05152415,
            -35.81448133,
            -19.71403471
        ],
        "distance_mm": 0.0
    }
}