{
    "wrist": {
        "vertex_index": 5067,
        "position_mm": [
            -1.6544542760135128,
            -86.54504068452708,
            -19.53634025702704
        ]
    },
    "index1": {
        "vertex_index": 7346,
        "position_mm": [
            12.736460282391892,
            -18.174942806716246,
            -8.484071078216223
        ]
    },
    "index2": {
        "vertex_index": 7692,
        "position_mm": [
            21.73078188139527,
            24.55636836691552,
            -1.5764028414594655
        ]
    },
    "index3": {
        "vertex_index": 7990,
        "position_mm": [
            27.846920568717564,
            53.613659964985104,
            3.120811559535131
        ]
    },
    "middle1": {
        "vertex_index": 5606,
        "position_mm": [
            -1.7061326616081076,
            -10.550227726716244,
            -7.548606070216223
        ]
    },
    "middle2": {
        "vertex_index": 5639,
        "position_mm": [
            -1.7384316526047294,
            36.94653037191553,
            -0.056272203459464265
        ]
    },
    "middle3": {
        "vertex_index": 6197,
        "position_mm": [
            -1.7603949664824323,
            69.24432587898512,
            5.038514825935131
        ]
    },
    "pinky1": {
        "vertex_index": 3313,
        "position_mm": [
            -20.44954954560811,
            -18.851820638716248,
            -8.271542854216223
        ]
    },
    "pinky2": {
        "vertex_index": 2283,
        "position_mm": [
            -32.196484089104736,
            23.456441889915524,
            -1.2310444774594629
        ]
    },
    "pinky3": {
        "vertex_index": 1241,
        "position_mm": [
            -40.18439957868243,
            52.22606040938511,
            3.556494418735131
        ]
    },
    "ring1": {
        "vertex_index": 3803,
        "position_mm": [
            -15.691084873608109,
            -17.591884554716245,
            -8.454150034216223
        ]
    },
    "ring2": {
        "vertex_index": 3397,
        "position_mm": [
            -24.463978997104732,
            25.503838026415522,
            -1.5277811449594623
        ]
    },
    "ring3": {
        "vertex_index": 2770,
        "position_mm": [
            -30.429547001082433,
            54.808929381585116,
            3.182149699735131
        ]
    },
    "thumb1": {
        "vertex_index": 8183,
        "position_mm": [
            17.48680969039189,
            -19.680589238716237,
            -8.886491298216223
        ]
    },
    "thumb2": {
        "vertex_index": 9296,
        "position_mm": [
            29.450099669395268,
            22.109692914915527,
            -2.230335698959461
        ]
    },
    "thumb3": {
        "vertex_index": 9872,
        "position_mm": [
            37.58513685511757,
            50.527084779385135,
            2.295850108535131
        ]
    }
}